﻿<?xml version="1.0" encoding="utf-8"?>
<cms.contentitemcommondata>
  <ContentItemCommonDataContentItemID>
    <CodeName>OnRoasts-nlx96ge6</CodeName>
    <GUID>d5d28908-d403-4f6d-ab5a-d7758b43dbf2</GUID>
    <ObjectType>cms.contentitem</ObjectType>
  </ContentItemCommonDataContentItemID>
  <ContentItemCommonDataContentLanguageID>
    <CodeName>en</CodeName>
    <GUID>e4a8fb12-ebc2-45d0-930f-c9fba2780c85</GUID>
    <ObjectType>cms.contentlanguage</ObjectType>
  </ContentItemCommonDataContentLanguageID>
  <ContentItemCommonDataGUID>0c56d772-eda5-43fe-baeb-a1268c15b7fd</ContentItemCommonDataGUID>
  <ContentItemCommonDataIsLatest>True</ContentItemCommonDataIsLatest>
  <ContentItemCommonDataLastPublishedWhen>2024-01-17 08:32:34Z</ContentItemCommonDataLastPublishedWhen>
  <ContentItemCommonDataPageTemplateConfiguration>
    <![CDATA[{"identifier":"DancingGoat.Article","properties":null,"fieldIdentifiers":null}]]>
  </ContentItemCommonDataPageTemplateConfiguration>
  <ContentItemCommonDataVersionStatus>2</ContentItemCommonDataVersionStatus>
  <SEOFieldsDescription>
    <![CDATA[Roasting coffee beans can take from 6 to 13 minutes. Different roasting times produce varying caffeine concentrations and flavors.]]>
  </SEOFieldsDescription>
  <SEOFieldsTitle>On Roasts - Dancing Goat</SEOFieldsTitle>
  <ContentItemReferences>
    <cms.contentitemreference>
      <ContentItemReferenceGroupGUID>04b5735c-f3b6-4dba-af49-1c748e952820</ContentItemReferenceGroupGUID>
      <ContentItemReferenceGUID>fc0b1009-843c-461a-b8c4-7d364a3a7875</ContentItemReferenceGUID>
      <ContentItemReferenceSourceCommonDataID>
        <GUID>0c56d772-eda5-43fe-baeb-a1268c15b7fd</GUID>
        <ObjectType>cms.contentitemcommondata</ObjectType>
      </ContentItemReferenceSourceCommonDataID>
      <ContentItemReferenceTargetItemID>
        <CodeName>Articles_Article-4_2x.jpg-pi7pf0nq</CodeName>
        <GUID>abc5b875-2f70-4aac-80a8-f8033867b0c5</GUID>
        <ObjectType>cms.contentitem</ObjectType>
      </ContentItemReferenceTargetItemID>
    </cms.contentitemreference>
  </ContentItemReferences>
</cms.contentitemcommondata>