﻿<?xml version="1.0" encoding="utf-8"?>
<cms.settingskey>
  <KeyCategoryID>
    <CodeName>CMS.System.General</CodeName>
    <ObjectType>cms.settingscategory</ObjectType>
  </KeyCategoryID>
  <KeyDescription>{$settingskey.cmsdbversion.description$}</KeyDescription>
  <KeyDisplayName>{$settingskey.cmsdbversion$}</KeyDisplayName>
  <KeyExplanationText />
  <KeyGUID>f1481cd6-5b8a-407c-b1da-86bf19282b0c</KeyGUID>
  <KeyIsCustom>False</KeyIsCustom>
  <KeyIsHidden>True</KeyIsHidden>
  <KeyName>CMSDBVersion</KeyName>
  <KeyOrder>2</KeyOrder>
  <KeyType>string</KeyType>
  <KeyValue>28.2.1</KeyValue>
</cms.settingskey>