﻿<?xml version="1.0" encoding="utf-8"?>
<cms.contentitemcommondata>
  <ContentItemCommonDataContentItemID>
    <CodeName>Home-t9k4jxiw</CodeName>
    <GUID>17d83996-c66a-4b07-b47e-d285bd99d8f3</GUID>
    <ObjectType>cms.contentitem</ObjectType>
  </ContentItemCommonDataContentItemID>
  <ContentItemCommonDataContentLanguageID>
    <CodeName>en</CodeName>
    <GUID>e4a8fb12-ebc2-45d0-930f-c9fba2780c85</GUID>
    <ObjectType>cms.contentlanguage</ObjectType>
  </ContentItemCommonDataContentLanguageID>
  <ContentItemCommonDataGUID>52c47d26-697c-4e56-90fc-e7f1d8164429</ContentItemCommonDataGUID>
  <ContentItemCommonDataIsLatest>True</ContentItemCommonDataIsLatest>
  <ContentItemCommonDataLastPublishedWhen>2024-01-17 08:29:53Z</ContentItemCommonDataLastPublishedWhen>
  <ContentItemCommonDataVersionStatus>2</ContentItemCommonDataVersionStatus>
  <SEOFieldsDescription>
    <![CDATA[At Dancing Goat, we strive to do things right. We source the best coffee directly from micro farms, guaranteeing the highest quality standards. No middle-men.]]>
  </SEOFieldsDescription>
  <SEOFieldsTitle>Home - Dancing Goat</SEOFieldsTitle>
  <ContentItemReferences>
    <cms.contentitemreference>
      <ContentItemReferenceGroupGUID>8c596b5f-0ce9-4125-867e-038adfc8bb37</ContentItemReferenceGroupGUID>
      <ContentItemReferenceGUID>563e089b-a3fe-4fb7-b6ef-c90e8f394744</ContentItemReferenceGUID>
      <ContentItemReferenceSourceCommonDataID>
        <GUID>52c47d26-697c-4e56-90fc-e7f1d8164429</GUID>
        <ObjectType>cms.contentitemcommondata</ObjectType>
      </ContentItemReferenceSourceCommonDataID>
      <ContentItemReferenceTargetItemID>
        <CodeName>BostonCoffeePlace-034jwdxo</CodeName>
        <GUID>4c84719d-689e-460e-8cc1-5495c367b249</GUID>
        <ObjectType>cms.contentitem</ObjectType>
      </ContentItemReferenceTargetItemID>
    </cms.contentitemreference>
    <cms.contentitemreference>
      <ContentItemReferenceGroupGUID>8c596b5f-0ce9-4125-867e-038adfc8bb37</ContentItemReferenceGroupGUID>
      <ContentItemReferenceGUID>8d1fd84f-4c67-45ae-a0a5-2472a02713e1</ContentItemReferenceGUID>
      <ContentItemReferenceSourceCommonDataID>
        <GUID>52c47d26-697c-4e56-90fc-e7f1d8164429</GUID>
        <ObjectType>cms.contentitemcommondata</ObjectType>
      </ContentItemReferenceSourceCommonDataID>
      <ContentItemReferenceTargetItemID>
        <CodeName>Chicago-adnkn64a</CodeName>
        <GUID>5f5c9fce-d24e-4cda-8022-d20d6504b102</GUID>
        <ObjectType>cms.contentitem</ObjectType>
      </ContentItemReferenceTargetItemID>
    </cms.contentitemreference>
    <cms.contentitemreference>
      <ContentItemReferenceGroupGUID>56f58ce4-fb20-4220-823b-95115e46fdb9</ContentItemReferenceGroupGUID>
      <ContentItemReferenceGUID>071798e9-5500-41dc-8d3c-d821b6119ab8</ContentItemReferenceGUID>
      <ContentItemReferenceSourceCommonDataID>
        <GUID>52c47d26-697c-4e56-90fc-e7f1d8164429</GUID>
        <ObjectType>cms.contentitemcommondata</ObjectType>
      </ContentItemReferenceSourceCommonDataID>
      <ContentItemReferenceTargetItemID>
        <CodeName>HeroBackground-6arlimda</CodeName>
        <GUID>a2725352-5eeb-446e-98dc-c244234337f2</GUID>
        <ObjectType>cms.contentitem</ObjectType>
      </ContentItemReferenceTargetItemID>
    </cms.contentitemreference>
    <cms.contentitemreference>
      <ContentItemReferenceGroupGUID>cbb9f04b-4901-4773-b551-a17ad70ca6e6</ContentItemReferenceGroupGUID>
      <ContentItemReferenceGUID>6567f8c6-b50d-4aa2-80e6-78a68ff3738e</ContentItemReferenceGUID>
      <ContentItemReferenceSourceCommonDataID>
        <GUID>52c47d26-697c-4e56-90fc-e7f1d8164429</GUID>
        <ObjectType>cms.contentitemcommondata</ObjectType>
      </ContentItemReferenceSourceCommonDataID>
      <ContentItemReferenceTargetItemID>
        <CodeName>JimmieDimmick-qv484wii</CodeName>
        <GUID>12e192cc-099a-4fd4-9360-2b8acad4daf0</GUID>
        <ObjectType>cms.contentitem</ObjectType>
      </ContentItemReferenceTargetItemID>
    </cms.contentitemreference>
    <cms.contentitemreference>
      <ContentItemReferenceGroupGUID>8c596b5f-0ce9-4125-867e-038adfc8bb37</ContentItemReferenceGroupGUID>
      <ContentItemReferenceGUID>e9299302-2123-4b4d-a3a5-117cb47533ca</ContentItemReferenceGUID>
      <ContentItemReferenceSourceCommonDataID>
        <GUID>52c47d26-697c-4e56-90fc-e7f1d8164429</GUID>
        <ObjectType>cms.contentitemcommondata</ObjectType>
      </ContentItemReferenceSourceCommonDataID>
      <ContentItemReferenceTargetItemID>
        <CodeName>NewYork-xn4wcoi7</CodeName>
        <GUID>9b401e70-fbc7-4d70-b848-19778172e3f1</GUID>
        <ObjectType>cms.contentitem</ObjectType>
      </ContentItemReferenceTargetItemID>
    </cms.contentitemreference>
    <cms.contentitemreference>
      <ContentItemReferenceGroupGUID>9088319d-f909-4f38-93aa-e8598c78382b</ContentItemReferenceGroupGUID>
      <ContentItemReferenceGUID>9e264205-4dda-477d-9e4c-453166513f98</ContentItemReferenceGUID>
      <ContentItemReferenceSourceCommonDataID>
        <GUID>52c47d26-697c-4e56-90fc-e7f1d8164429</GUID>
        <ObjectType>cms.contentitemcommondata</ObjectType>
      </ContentItemReferenceSourceCommonDataID>
      <ContentItemReferenceTargetItemID>
        <CodeName>OurFirstCuppingIsHere-t8ll79h8</CodeName>
        <GUID>2b039eb6-312f-4008-8c4f-3d340d87532c</GUID>
        <ObjectType>cms.contentitem</ObjectType>
      </ContentItemReferenceTargetItemID>
    </cms.contentitemreference>
  </ContentItemReferences>
</cms.contentitemcommondata>